id;first_name;last_name;birthday;address;url_photo
1;Wilfrid;Reichert;Yen;panel Sleek Cotton Keyboard reintermediate;Metal
2;Harvey;Kshlerin;Savings Account Sharable;Niue Assimilated;Naira service-desk deliver
3;Gregoria;Gleichner;Team-oriented Accountability rich;Austria;back-end Coordinator
4;Arnaldo;Rogahn;Switchable;AI;Berkshire
5;Jalon;Nicolas;Home Loan Account;enable Customer;Avon Dynamic
6;Jasper;Stehr;solutions;Credit Card Account;infomediaries Gorgeous Plastic Fish
7;Caden;Heaney;Pizza;heuristic;indexing Wooden
8;Fernando;Quigley;Fresh Towels multi-byte;Metal;rich aggregate Bike
9;Mariano;Yost;digital Ergonomic Wooden Chicken Wooden;Accounts;orchid
10;Alisha;Daugherty;back-end withdrawal Business-focused;Svalbard & Jan Mayen Islands frictionless disintermediate;South Carolina Refined
