id;id_doctor;id_patient;description;date
1;42230;31387;Dynamic Investment Account Orchestrator;Czech Koruna
2;31652;36871;Electronics reboot envisioneer;clicks-and-mortar Assistant drive
3;14993;36040;Savings Account maroon;District Centers hacking
4;44258;98200;microchip;Architect mesh Product
5;45223;32397;end-to-end Manor Intuitive;tangible
6;11689;5297;HDD initiatives Avon;Forges content-based hacking
7;69127;18044;Metal Shirt Drives;Belize Dollar
8;64270;76495;web services Loaf violet;6th generation
9;50613;27815;SDD Small Money Market Account;Montana
10;17028;16110;strategize Neck;Indiana
